position,amino_mut,t0,t3,amino_wt,pvalue,t3_vs_t0,count
1,E,154,296,L,,-0.785038154,6
2,A,544,126,R,0.01187062,2.267200652,12
3,F,72,194,L,,-1.27233517,1
4,A,252,3,E,0.016763442,6.536574218,14
5,*,37,165,V,,-1.999192539,17
6,A,133,0,K,0.161029373,13.28771238,14
7,*,345,1046,L,,-1.442555267,12
8,*,188,532,G,0.121717077,-1.343038057,14
9,*,467,1014,Q,0.312227366,-0.960924917,20
10,A,80,204,G,,-1.19284796,17
11,*,1088,2511,C,0.142109727,-1.048940805,17
12,C,719,1449,F,0.440708042,-0.853361376,13
13,A,350,225,G,0.524088298,0.794891997,13
14,A,399,246,E,0.341952222,0.855181824,14
15,A,1111,619,V,0.106153246,1.001271078,19
16,*,146,224,W,,-0.459922857,20
17,*,1051,2900,M,0.048605433,-1.306636157,20
18,*,933,2210,G,0.269118881,-1.086452926,20
19,*,1293,3701,T,0.003254054,-1.359536687,21
20,*,157,611,W,0.093847289,-1.802736776,20
21,*,2248,5442,N,0.049012198,-1.117849001,21
22,A,134,8,G,,4.221108441,19
23,A,253,56,T,0.075079116,2.332624152,17
24,*,519,1532,T,0.33890551,-1.403951975,21
25,*,372,1068,R,0.441344146,-1.363880778,21
26,A,88,8,V,,3.615374816,14
27,*,326,958,A,0.559517598,-1.397496058,11
28,*,471,1231,I,0.134656744,-1.228380974,16
29,*,199,592,K,0.246431233,-1.415170444,14
30,*,468,1141,T,0.416157961,-1.128071968,20
31,*,607,1655,L,0.095467074,-1.289409422,21
32,*,2083,5275,K,0.008542203,-1.182859405,20
33,*,1093,3310,P,0.065687413,-1.44087856,18
34,C,89,0,G,,13.28771238,3
35,*,497,1495,T,0.335477775,-1.43116883,19
36,E,438,153,M,,1.674650972,5
37,*,430,1277,S,,-1.412691752,14
38,*,1375,4285,P,0.030407717,-1.482202829,21
39,A,584,60,E,0.359116218,3.439080776,14
40,S,241,47,A,,2.515187898,1
41,*,285,853,F,0.009056435,-1.423925194,6
42,A,119,201,L,,-0.598616807,16
43,*,1657,4711,Q,0.002768486,-1.349803936,20
44,A,865,2386,E,0.123788486,-1.30616795,17
45,*,821,2429,A,0.061374722,-1.40725036,19
46,A,1562,140,Q,0.001293033,3.63581366,19
47,*,3,34,V,,-3.344802143,20
48,*,752,2254,M,0.026676137,-1.426024242,19
49,*,359,769,K,,-0.941362485,20
50,*,13,3,K,,2.272492398,18
51,*,887,2037,L,0.008564477,-1.041797649,21
52,*,84,195,R,,-1.057369817,14
53,I,112,164,H,,-0.392594587,2
54,*,259,804,E,0.076492685,-1.476582848,19
55,A,262,19,K,0.377657099,3.940990381,14
56,*,49,103,L,,-0.914154845,20
57,A,652,152,V,0.004654791,2.257822877,18
58,*,480,1099,Q,0.085346981,-1.037442966,19
59,F,46,62,L,,-0.273041355,8
60,*,246,818,Y,,-1.575778527,19
61,A,720,300,A,0.404862457,1.420360611,18
62,C,93,5,V,,4.371952823,13
63,*,320,1052,V,,-1.559327449,14
64,*,58,269,S,,-2.055803669,19
65,*,700,1842,E,0.000821809,-1.238194994,19
66,*,342,1113,E,,-1.544722415,18
67,*,65,361,P,,-2.315803793,8
68,G,349,37,I,0.073804675,3.393825047,8
69,C,302,182,Y,0.297753117,0.888055476,10
70,*,443,1178,I,0.126782816,-1.253309058,21
71,*,970,2490,V,0.023017597,-1.202439384,21
72,I,1197,222,T,0.294287797,2.587636485,5
73,K,325,439,E,0.826812564,-0.276187962,2
74,N,276,17,Y,0.255780925,4.176163548,3
75,A,452,39,M,0.064329437,3.69062515,14
76,A,21,0,S,,13.28771238,16
77,A,832,117,K,0.008810802,2.986643423,18
78,*,1876,5447,G,0.05146181,-1.380145068,21
79,*,1030,3064,S,0.001165466,-1.415113661,20
80,*,453,1105,L,0.227993022,-1.128816991,19
81,A,765,36,L,0.012607947,4.563687511,16
82,*,198,680,D,0.088552073,-1.622368778,20
83,*,296,506,F,,-0.615921952,20
84,*,272,710,L,0.484550933,-1.226561628,21
85,*,473,1307,K,0.265058736,-1.308692895,21
86,*,1048,2665,G,0.045155298,-1.188847704,21
87,*,817,2196,E,0.008142446,-1.268817546,20
88,*,443,1032,T,0.512836844,-1.062421051,19
89,G,453,303,G,0.259606623,0.737665069,3
90,F,197,20,K,,3.456251782,2
91,*,255,681,Y,,-1.259505414,8
92,*,109,280,L,,-1.203448943,13
93,*,72,123,R,,-0.614971309,18
94,A,1232,723,L,0.036905065,0.926372893,19
95,A,898,466,P,0.103622193,1.103787793,18
96,M,53,2,Q,0.077894871,4.881374364,2
97,E,478,284,L,,0.908561242,7
98,*,529,1763,V,0.314083738,-1.579028738,14
99,*,70,198,D,,-1.3424181,17
100,*,1158,3149,M,0.000762663,-1.285605287,6
101,*,701,1997,A,0.25123522,-1.352692077,19
102,*,338,1074,A,0.261374692,-1.510237091,14
103,A,823,116,Q,0.121038093,2.983338668,14
104,A,126,95,I,,0.564923278,12
105,*,180,570,A,0.526962306,-1.505303436,18
106,A,242,37,S,0.000309196,2.866070051,16
107,*,218,455,G,0.400647064,-0.903903118,15
108,A,625,40,M,0.056386559,4.120984261,17
109,C,339,27,A,0.065793255,3.805947143,15
110,A,121,74,Y,0.414463743,0.866859143,19
111,*,531,1453,V,0.033271763,-1.294597352,18
112,*,760,2253,E,0.316988153,-1.410117879,13
113,A,1281,131,R,3.85E-06,3.44577129,15
114,I,487,732,M,0.651703418,-0.430316545,8
115,*,233,747,N,,-1.523116087,18
116,A,570,98,Y,0.249603857,2.696884915,15
117,A,750,750,V,1,0.157551472,19
118,A,237,832,H,,-1.654029914,12
119,D,275,994,R,0.09405985,-1.696146359,14
120,*,342,1097,D,,-1.52383307,14
121,K,271,806,L,0.536555028,-1.414828699,4
122,A,596,1314,R,0.160735254,-0.982941637,17
123,G,199,36,A,,2.623522678,5
124,C,450,228,A,,1.138285975,14
125,A,534,1665,N,0.086554714,-1.482949747,16
126,*,228,865,I,0.332557503,-1.76599633,12
127,A,167,426,L,,-1.193356018,12
128,*,196,626,V,,-1.517646993,18
129,*,541,1571,G,0.156058248,-1.380325703,19
130,C,480,41,E,0.053409034,3.7051681,11
131,I,37,2,N,,4.364191533,1
132,C,185,70,L,,1.559385576,11
133,*,51,79,V,,-0.473746899,17
134,*,284,859,C,0.364194357,-1.439108011,14
135,D,202,394,K,0.452950795,-0.806210446,14
136,A,709,1001,V,0.47342856,-0.339986028,19
137,*,502,1526,A,0.515749546,-1.446336236,15
138,C,372,873,D,0.175919853,-1.07303521,14
139,A,165,460,F,,-1.321513164,13
140,*,214,514,G,0.064907685,-1.106512167,20
141,*,246,801,L,0.111264819,-1.545480954,15
142,*,44,65,A,,-0.405332733,16
143,*,769,1327,R,0.440048997,-0.629493729,19
144,A,132,7,L,,4.391720007,18
145,I,316,291,I,0.928326723,0.276443053,5
146,C,73,42,E,,0.954939841,13
147,A,157,70,D,,1.322689221,6
148,*,1132,2566,N,0.022271765,-1.02300581,17
149,*,528,1500,E,0.165833785,-1.348696916,16
150,*,204,601,Y,,-1.401138067,20
151,*,667,1890,T,0.393601207,-1.344971965,21
152,*,411,1340,A,0.163894598,-1.547359664,21
153,*,303,657,R,0.309215362,-0.958937398,21
154,*,60,205,Q,,-1.614924208,19
155,A,1339,1325,G,0.980735882,0.172713373,17
156,*,668,1928,A,0.277452706,-1.371528404,21
157,*,87,338,K,,-1.800264966,19
158,*,667,1593,F,0.046517394,-1.098342586,21
159,F,429,783,P,0.509915236,-0.710410434,9
160,A,133,89,I,,0.737020924,14
161,*,48,6,K,,3.156425491,14
162,*,655,1815,W,0.012378747,-1.312748416,20
163,*,728,1718,T,0.218707506,-1.081075477,21
164,*,1169,3139,A,0.014014587,-1.267377634,21
165,A,976,227,P,0.053344678,2.261209464,18
166,D,75,23,E,,1.862444439,8
167,G,975,2493,A,0.028601113,-1.196759301,3
168,C,875,384,A,0.269858646,1.345522436,9
169,A,612,138,L,0.037513232,2.305862248,11
170,*,643,1690,Y,0.261941347,-1.236481436,21
171,*,964,2751,G,0.043634676,-1.355195084,21
172,*,487,1116,R,0.151208374,-1.038701179,21
173,*,1677,4222,F,0.070025633,-1.174395415,20
174,*,770,2007,T,0.029371467,-1.22445961,21
175,*,294,590,I,,-0.847266594,21
176,*,183,391,K,0.304496833,-0.937687882,21
177,I,648,302,S,0.306054704,1.258812385,7
178,*,125,369,D,0.276842407,-1.40403484,17
179,F,593,891,V,0.749907752,-0.429788035,9
180,*,324,875,W,0.212737438,-1.275636397,18
181,*,1115,3249,S,0.022514203,-1.385294865,20
182,*,1522,4642,F,0.006547165,-1.451118532,19
183,C,1430,1603,G,0.829081254,-0.00719044,7
184,A,295,130,I,,1.339550576,16
185,*,950,2525,L,0.094855769,-1.25263212,21
186,*,1543,4056,L,0.096788699,-1.236668415,21
187,*,145,303,T,,-0.905629509,19
188,*,246,923,E,,-1.750002827,13
189,*,1030,2560,L,0.053522988,-1.155851825,11
190,A,466,60,T,0.045386819,3.113758559,9
191,*,90,261,T,0.146056103,-1.378395996,20
192,*,83,42,K,0.438461529,1.140116403,8
193,C,244,372,G,0.732246252,-0.450814631,4
194,*,236,608,R,0.221245901,-1.207634533,17
195,A,971,101,V,0.033429995,3.421282022,18
196,*,803,2136,P,0.152209419,-1.253787856,20
197,G,294,715,Y,,-1.124480862,3
198,*,293,730,P,0.208014868,-1.159347995,19
199,A,27,3,G,,3.32618971,8
200,*,346,852,M,0.462294519,-1.142434349,18
201,*,392,901,V,0.354671355,-1.04303107,17
202,*,800,2158,N,0.022920537,-1.273970221,21
203,*,246,685,R,0.327062973,-1.319791069,18
204,*,192,651,E,,-1.603886299,8
205,D,203,598,V,,-1.40100799,1
206,D,337,812,L,,-1.111085529,6
207,A,137,28,D,,2.447602341,7
208,*,599,1691,Q,0.070038184,-1.33959336,20
209,A,862,168,V,0.013792544,2.51611352,13
210,*,776,917,E,0.750958546,-0.083288866,21
211,*,445,1086,R,0.200608871,-1.129500407,20
212,*,945,2778,G,0.029378619,-1.398002712,21
213,*,1202,3514,Y,0.025686295,-1.390019946,21
214,*,2208,5250,R,0.034338962,-1.091932536,21
215,*,1210,2955,M,0.006558115,-1.130504582,18
216,*,1315,3608,P,0.098644493,-1.298482796,21
217,A,815,51,C,0.003892567,4.153373789,13
218,A,1106,295,P,0.035993091,2.06367368,18
219,*,412,1400,P,0.405731244,-1.607045547,18
220,*,417,625,E,0.598204801,-0.42620378,16
221,A,91,22,C,0.110620901,2.205409887,11
222,*,1319,3110,P,0.033282393,-1.079825871,21
223,*,1079,2960,E,0.298000019,-1.298248577,12
224,A,71,203,S,,-1.357932686,2
225,A,671,114,L,0.06867868,2.714044393,16
226,*,316,847,H,,-1.264785054,20
227,L,993,76,D,0.008476357,3.863333579,4
228,A,395,77,L,0.365854069,2.51580936,5
229,A,710,327,M,0.043228447,1.275891398,11
230,A,462,56,C,0.200703205,3.200779413,15
231,*,345,980,Q,0.026772776,-1.348529644,21
232,A,263,51,C,0.189516223,2.523376364,16
233,*,297,801,W,0.25438892,-1.273686585,20
234,*,571,1476,R,0.071052884,-1.21247993,21
235,*,75,104,K,,-0.314024684,13
236,*,242,600,E,0.007163018,-1.152307964,21
237,*,537,1388,P,0.123462435,-1.212363439,21
238,*,658,1670,E,0.183008069,-1.186039625,19
239,*,633,1600,E,0.025751024,-1.180145771,21
240,*,975,2561,R,0.221853233,-1.235581999,21
241,A,283,177,P,,0.834507799,13
242,*,73,326,T,,-2.001227235,18
243,*,505,1318,F,0.025472784,-1.226344341,20
244,*,769,1838,E,0.201929613,-1.099436197,20
245,*,99,294,Y,,-1.412657518,15
246,*,1016,2800,L,0.053375759,-1.304872422,21
247,A,1032,121,Q,0.028146166,3.248704465,17
248,D,68,48,A,,0.659984765,4
249,*,315,960,F,0.083681067,-1.450022985,19
250,*,160,493,L,,-1.465855573,16
